AR032012.pdf,Others,NO,None,NA,NA
ASHP_shortage_guide09.pdf,Others,NO,None,NA,NA
AUTO-SALES-20140929-MOSL-SU-PG004.pdf,Others,NO,None,NA,NA
Apna Supply Chain Weekly_Milind Shahane_05.02.15.pdf,Others,NO,None,NA,NA
Ascension-Industries-Modular-Design.pdf,Others,NO,None,NA,NA
Ashiana 2011-2012_Annual_Report.pdf,Others,NO,None,NA,NA
Ashiana Housing - Concall -  Feb2010.pdf,Others,NO,None,NA,NA
Astral Poly Technik - EI.pdf,Others,NO,None,NA,NA
Audited Financial Results_30.06.2014.pdf,Others,NO,None,NA,NA
Avant Garde Wealth Mgmt - Quarterly letter - 1306.pdf,Others,NO,None,NA,NA
Avant Garde Wealth Mgmt - Quarterly letter - 1309.pdf,Others,NO,None,NA,NA
Avendus- Housing Financials Concerns on competition are overdone.pdf,Others,NO,None,NA,NA
Award2007_Winners.pdf,Others,NO,None,NA,NA
BAFL MAy 2016 Concall Transcripts.pdf,Others,NO,None,NA,NA
BAFL QIP - List of allottees-11062015.pdf,Others,NO,None,NA,NA
BEML Lt.pdf,Others,NO,None,NA,NA
BHEL 2QFY18 Outlook Review [CR] .pdf,sparkcapital,NO,Bharat Heavy Electricals Ltd.,83,SELL
BHEL-20150303-MOSL-CU-PG018 [CR].pdf,MotilalOswal,NO,Bharat Heavy Electricals Ltd.,INR320,Buy
BHEL-2QFY16 Review [CR].pdf,sparkcapital,NO,Bharat Heavy Electricals Ltd.,137,Sell
BHFC-20171108-MOSL-RU-PG010 [CR].pdf,MotilalOswal,NO,Bharat Forge Ltd.,INR844,Buy
BHFC_Q1FY17ResultUpdate_7 Aug 16 [CR].pdf,jmfl,NO,Bharat Forge Ltd.,`860,HOLD
BJAUT-20150527-MOSL-DR-PG026.pdf,Others,NO,None,NA,NA
BLS_International-_2QFY18_-_HDFC_sec [CR].pdf,hdfcsec,NO,BLS International Services Ltd.,300,
BNK_051616_25242 [CR].pdf,bksec,NO,,865,BUY
BNK_090215_195059 [CR].pdf,bksec,NO,Gujarat Fluorochemicals Ltd.,865,BUY
BNK_SONA@IN_021715_161235 [CR].pdf,bksec,NO,,62,
BOAML-BhagMilkhaBhag.pdf,Others,NO,None,NA,NA
BOAML-StagnatingIndicators.pdf,Others,NO,None,NA,NA
BP Equities- National Buildings Construction Corporation Ltd NBCC- Short note_11th April  2014 [CR].pdf,BP Wealth MANAGEMENT Pvt. Ltd,NO,NBCC (India) Ltd.,232,BUY
BP Wealth- Kitex Garments Limited [CR].pdf,BP Wealth MANAGEMENT Pvt. Ltd,NO,Kitex Garments Ltd.,580,BUY
BPCL BofA ML [CR].pdf,baml,NO,Oil & Natural Gas Corporation Ltd.;Bharat Petroleum Corporation Ltd.;Indian Oil Corporation Ltd.;Hindustan Petroleum Corporation Ltd.;Reliance Industries Ltd.;Oil India Ltd.;Petronet LNG Ltd.;Cairn India Ltd. (Amalgamated),Rs601.00,Neutral
BUDGET_PREVIEW_FY14-JUN-14-EDEL.pdf,Others,NO,None,NA,NA
BULLS & BEARS - India Valuations Handbook - 20151103-MOSL.pdf,Others,NO,None,NA,NA
Balkrishna Inds quant.pdf,Others,NO,None,NA,NA
Balkrishna Industries Limited - A R 2012-13.pdf,Others,NO,None,NA,NA
Banks_NBFCs_-_4QFY17_Results_Preview_-_HDFC_sec.pdf,Others,NO,None,NA,NA
Banswara Syntex Ltd.-Results.pdf,Others,NO,None,NA,NA
Beta Drugs Lt.pdf,Others,NO,None,NA,NA
Bharti Infratel Buyback.pdf,Others,NO,None,NA,NA
Bigbloc Const.  Investor presentation.pdf,Others,NO,None,NA,NA
Biocon - BAML [CR].pdf,baml,NO,Apollo Hospitals Enterprise Ltd.;Biocon Ltd.;Dr. Reddys Laboratories Ltd.;Cipla Ltd.;Aurobindo Pharma Ltd.;Cadila Healthcare Ltd.;Lupin Ltd.;Sun Pharmaceutical Industries Ltd.;Glenmark Pharmaceuticals Ltd.,1115,BUY
Bits---pieces-5-Feb-2010---Golden-Tiger.pdf,Others,NO,None,NA,NA
BoAML on Cummins [CR].pdf,baml,NO,Ansal Properties & Infrastructure Ltd.;Fortis Healthcare Ltd.;Cummins India Ltd.;Jaypee Infratech Ltd.;Omaxe Ltd.;Havells India Ltd.;Balrampur Chini Mills Ltd.;Anant Raj Ltd.;Container Corporation Of India Ltd.;Ultratech Cement Ltd.;Coromandel International Ltd.;Aditya Birla Nuvo Ltd. - (Amalgamated);Jain Irrigation Systems Ltd.;Jindal Saw Ltd.;Brigade Enterprises Ltd.;Housing Development & Infrastructure Ltd.;Indiabulls Real Estate Ltd.;Oberoi Realty Ltd.;Shree Renuka Sugars Ltd.;Unitech Ltd.;Tata Chemicals Ltd.;Bajaj Hindusthan Sugar Ltd.;Exide Industries Ltd.;Welspun Corp Ltd.;Shree Cement Ltd.;Ambuja Cements Ltd.;Sobha Ltd.;The India Cements Ltd.;Jet Airways (India) Ltd.;DLF Ltd.;Chambal Fertilisers & Chemicals Ltd.;Nagarjuna Fertilizers & Chemicals Ltd. (Merged);Motherson Sumi Systems Ltd.;ACC Ltd.;Spicejet Ltd.;Grasim Industries Ltd.;Voltas Ltd.;Sintex Industries Ltd.,Rs600.00,Underperform
BofA ML- Industrials - India - Q1FY17 preview - Order flows  profits looking up  execution challenges to persist.pdf,Others,NO,None,NA,NA
Britannia_CallUpdate_050115 [CR].pdf,indiainfoline,NO,Britannia Industries Ltd.,Rs2059,BUY
BuffettWhartonspeech.pdf,Others,NO,None,NA,NA
Building Materials - Crude and USDINR double whammy.pdf,Others,NO,None,NA,NA
CALCNTUT.pdf,Others,NO,None,NA,NA
CEAT_Investor Presentation_Q2FY14.pdf,Others,NO,None,NA,NA
CEM-20160202-MOSL-SU-PG006.pdf,Others,NO,None,NA,NA
CEMENT_-_SECTOR_UPDATE-JUL-16-EDEL1.pdf,Others,NO,None,NA,NA
CG Power - Elara- [CR].pdf,elaracapital,NO,CG Power & Industrial Solutions Ltd.,85,Buy
CITUNIBA_20120806 [CR].pdf,icicisecurities,NO,,60,Buy
CJ July 2013.pdf,Others,NO,None,NA,NA
CLSA - Greed & Fear (Jokowi update) - 21082014.pdf,Others,NO,None,NA,NA
CLSA - Greed & Fear (Subsidy focus)-25092014.pdf,Others,NO,None,NA,NA
CLSA G & F 2015.pdf,Others,NO,None,NA,NA
COROMANDEL - PL [CR].pdf,plindia,NO,Coromandel International Ltd.,Rs240,
CPBrochure.pdf,Others,NO,None,NA,NA
CRG 1QFY16 Review [CR].pdf,sparkcapital,NO,,167.,Sell
CRG-20140903-MOSL-CU-PG014 [CR].pdf,MotilalOswal,NO,Inditalia Refcon Ltd.,INR271,Buy
CRISIL-Research_ier-report-infinite-2014.pdf,Others,NO,None,NA,NA
CSFEb15.pdf,Others,NO,None,NA,NA
CYL-RR-210417 [CR].pdf,idbicapital,NO,Cyient Ltd.,Rs598,BUY
Cadila Healthcare_Company update_Nov 29  2017 [CR].pdf,sparkcapital,NO,Cadila Healthcare Ltd.,505,BUY
Career Launcher Investment Kit.pdf,Others,NO,None,NA,NA
Case_Study_8.pdf,Others,NO,None,NA,NA
Castrol+India+-+4QCY11+B&K [CR].pdf,bksec,NO,Castrol India Ltd.,550,Outperformer
Cement Sector - Monthly Update - 28 Mar 18.pdf,Others,NO,None,NA,NA
Centrum Wealth - L G  Balakrishnan  Bros  Ltd - Initiating Coverage - 30 June 2015 [CR].pdf,centrum,NO,LG Balakrishnan & Brothers Ltd.,662,BUY
Cera Presentation.pdf,Others,NO,None,NA,NA
Cera Sanitaryware Ltd  (2).pdf,Others,NO,None,NA,NA
Charter_International.pdf,Others,NO,None,NA,NA
Cheap+Coal+Does+Not+Benefit+The+Indian+People.pdf,Others,NO,None,NA,NA
ChinaSec_24May06.pdf,Others,NO,None,NA,NA
Cholamandalam Investment Q1FY16 Result Update [CR].pdf,edelweissfin,NO,,,BUY
Cipla_Q1FY18_results [CR].pdf,icicisecurities,NO,Cipla Ltd.,Rs479,REDUCE
Citi - India Budget.pdf,Others,NO,None,NA,NA
Citi- Cadila Healthcare (CADI.BO) - Successful Moraiya Inspection- A Key Bottleneck Lifted  Focus Shifts to Execution [CR].pdf,citi,NO,Cadila Healthcare Ltd.,Rs410.00,Buy
Citi- Petronet LNG (PLNG.BO) - 3Q - EBITDA Expectedly Soft  But Volumes Surprise Positively [CR].pdf,citi,NO,Petronet LNG Ltd.,Rs442.00,Buy
City Union Bank - Initiating Coverage [CR].pdf,Edelweiss Securities Limited,NO,City Union Bank Ltd.,Rs.60,BUY
Colgate Palmolive (India) (COLG.BO) - Citi [CR].pdf,citi,NO,Colgate-Palmolive (India) Ltd.,Rs850.00,Sell
CompanyValuationPPT.pdf,Others,NO,None,NA,NA
Conference_Call_102355_20120807[1].pdf,Others,NO,None,NA,NA
Consolidated Financials Results_Q3FY17.pdf,Others,NO,None,NA,NA
ConsumerStaples-17-11-11-PL.pdf,Others,NO,None,NA,NA
Conviction Ideas  NDTV [CR].pdf,capstocksindia,NO,New Delhi Television Ltd.,110,
Conviction Ideas - Raymond [CR].pdf,capstocksindia,NO,Raymond Ltd.,Rs.460,
Conviction Ideas- Goodricke Group [CR].pdf,capstocksindia,NO,,175,Buy
Copy of 10 LUXE Cost Sheet.pdf,Others,NO,None,NA,NA
Coromandel Conference_Call_106395_20160727.pdf,Others,NO,None,NA,NA
Corona Audit_Report_2011-12.pdf,Others,NO,None,NA,NA
Corporate Presentation - January 2015.pdf,Others,NO,None,NA,NA
Corporate%20Governance.pdf,Others,NO,None,NA,NA
Cover Page - EBook Sourajit Aiyer.pdf,Others,NO,None,NA,NA
Cyient Analyst day_final [CR].pdf,sparkcapital,NO,Cyient Ltd.,Rs.550.,ADD
D1CB4357_3750_41CF_BEE2_3E721A43C4A6_115002.pdf,Others,NO,None,NA,NA
DB - UPL [CR].pdf,db,NO,UPL Ltd.,12,
DCM Ltd Report [CR].pdf,DCM Ltd,NO,DCM Ltd.,140,
DELTA-20140918-MOSL-SL-PG032.pdf,Others,NO,None,NA,NA
DRRD-20150520-MOSL-CU-PG010 [CR].pdf,MotilalOswal,NO,Dr. Reddys Laboratories Ltd.,INR3870,Buy
DRRD-20170505-MOSL-CU-PG006 [CR].pdf,MotilalOswal,NO,Dr. Reddys Laboratories Ltd.,INR3050,Neutral
DWSN_AR07.pdf,Others,NO,None,NA,NA
Dec13_Economics of Financial Inclusion.pdf,Others,NO,None,NA,NA
Deep Industries Ltd - Award of Hiring of Integrated Drilling & Completion Services.pdf,Others,NO,None,NA,NA
Defence.pdf,Others,NO,None,NA,NA
Deloitte  -  The Untold Story Of America’s Debt.pdf,Others,NO,None,NA,NA
DepositBasedMem.pdf,Others,NO,None,NA,NA
Deutsche Bank- Indraprastha Gas Alert -Visibility for growth remains weak beyond FY17  maintain Hold [CR].pdf,db,NO,Indraprastha Gas Ltd.,520.00,Hold
Deutsche Bank- Motherson Sumi Systems-eRrgrp- NDR takeaways – focus on technology will drive business growth [CR].pdf,db,NO,Motherson Sumi Systems Ltd.,530.00,Buy
Digital Consumers.pdf,Others,NO,None,NA,NA
Dissertation_RamkumarK.pdf,Others,NO,None,NA,NA
Dolat- Rallis India- Key takeaways from the annual report [CR].pdf,dolatcapital,NO,Rallis India Ltd.,144,Reduce
Dollar Industries.pdf,Others,NO,None,NA,NA
Double_shift_secondary_schools_En01.pdf,Others,NO,None,NA,NA
DrReddys_Flash_290316 [CR].pdf,jmfl,NO,Dr. Reddys Laboratories Ltd.,,Sell
Dr_Reddys_Labs_-_Update_-_Dec17_-_HDFC_sec [CR].pdf,hdfcsec,NO,Dr. Reddys Laboratories Ltd.,2400,SELL
Dynamatic+Technologi...R_QuarterlyUpdateFirstCut.pdf,Others,NO,None,NA,NA
ECO-CPI-IIP-20180612-MOSL-ES-PG006.pdf,Others,NO,None,NA,NA
ECO-MONSOON-20140816-MOSL-ES-PG002.pdf,Others,NO,None,NA,NA
ECO-RBI_POLICY-20180604-MOSL-ES-PG006.pdf,Others,NO,None,NA,NA
ECO-USD-20180618-MOSL-ES-PG006.pdf,Others,NO,None,NA,NA
EDEL- Media - Hits ‘n’ Misses errclub Share gains amidst demonetisation blues.pdf,Others,NO,None,NA,NA
EDEL- NBCC -errclub- Sanguine outlook [CR].pdf,edelweissfin,NO,NBCC (India) Ltd.,1278,BUY
EDEL- Top Picks – Must Stocks in the portfolio.pdf,Others,NO,None,NA,NA
EDELFLASH_-_FERTILISERS_-_GAS_PRICE_HIKE_TO_IMPACT_ADVERSELY-13-JAN-14.pdf,Others,NO,None,NA,NA
EDELFLASH_-_SUN_PHARMA_-_IMPORT_ALERT_-_13-MAR-14 [CR].pdf,edelweissfin,NO,Sun Pharmaceutical Industries Ltd.,INR645,HOLD
EDELWEISS_FUND_INSIGHT_JAN-14-EDEL.pdf,Others,NO,None,NA,NA
EDELWEISS_FUND_INSIGHT_NOV-13-EDEL.pdf,Others,NO,None,NA,NA
EDEL_PULSE-conference_note-Aug-12-EDEL.pdf,Others,NO,None,NA,NA
EF-City Union Bank [CR].pdf,easternfin,NO,City Union Bank Ltd.,69.00,BUY
EIL Annual PPT - FY 13-14 - May 2014 - Rev 2 - Final1.pdf,Others,NO,None,NA,NA
EIL_IDFC - July12 [CR].pdf,idfc,NO,Engineers India Ltd.,278,Outperformer
EMConsumer-PineBridge.pdf,Others,NO,None,NA,NA
ENGG-20141014-MOSL-FC-PG008.pdf,Others,NO,None,NA,NA
ENGG-INVESTMENT-20150223-MOSL-FC-PG022.pdf,Others,NO,None,NA,NA
ESIB Bajaj Finserve1 [CR].pdf,espiritosantoib,NO,Bajaj Finserv Ltd.,Rs868.00,Buy
EY-Tax-Alert-key-proposals-of-the-Direct-Taxes-Code-2010%20.pdf,Others,NO,None,NA,NA
EY-india-cost-of-capital-a-survey.pdf,Others,NO,None,NA,NA
Earnings-Presentation-Q3-2013-14.pdf,Others,NO,None,NA,NA
Edelweiss Investment Banking_BFSI Newsletter (December  2015).pdf,Others,NO,None,NA,NA
Elgi Equipments_IC_Spark Capital_23.03.2015 [CR].pdf,sparkcapital,NO,Elgi Equipments Ltd.,,
Embracing Innovation Driving Growth Across Healthcare Continuum_Medcon_2017.pdf,Others,NO,None,NA,NA
Emkay  Chambal Fertilisers Q2FY17 Result Update-074044 [CR].pdf,emkayglobal,NO,Chambal Fertilisers & Chemicals Ltd.,78,ACCUMULATE
Enam  - India Strategy - A Presentat.pdf,Others,NO,None,NA,NA
Enam_Q3_FY11 [CR].pdf,enam,NO,Vascon Engineers Ltd.,150.0,BUY
Equirus_Securities_PGHH_Update_Note_15.03.2016 [CR].pdf,equirus,NO,Procter & Gamble Hygiene & Health Care Ltd.,6937,
Escorts Ltd -Quarter ending March 2014 - Result Update - Accumulate.pdf,Others,NO,None,NA,NA
Exide_2QFY16 Results Review [CR].pdf,sparkcapital,NO,Exide Industries Ltd.,155,
Exide_4QFY16 Results Review Final [CR].pdf,sparkcapital,NO,Exide Industries Ltd.,142,
FCH_AR_FINAL-2010-11.pdf,Others,NO,None,NA,NA
FCSA_Acc_report.pdf,Others,NO,None,NA,NA
FEMANotif_form.pdf,Others,NO,None,NA,NA
FIEM Industries - IC - Centrum - 27.03.14 [CR].pdf,centrum,NO,Fiem Industries Ltd.,Rs545,BUY
FRC_Study_ETF_Executive%20Summary.pdf,Others,NO,None,NA,NA
Family Office Network by Mark Drucker.pdf,Others,NO,None,NA,NA
Finolex Cables Ltd - AGM points _28-06-13_.pdf,Others,NO,None,NA,NA
Finolex Q3FY19-Presentation.pdf,Others,NO,None,NA,NA
Finolex%20Industries%20Presentation.pdf,Others,NO,None,NA,NA
FoE-20180208-MOSL-ES-PG006.pdf,Others,NO,None,NA,NA
FromAnecdotetoAssessment.pdf,Others,NO,None,NA,NA
Full Report of Future of Mobile Value Added Services (VAS) in India.pdf,Others,NO,None,NA,NA
GC14-4811_2.pdf,Others,NO,None,NA,NA
GC14-4880_2.pdf,Others,NO,None,NA,NA
GC14-4907_2.pdf,Others,NO,None,NA,NA
GIC Housing Finance - Company Update - Centrum 20022014.pdf.qk6z28q [CR].pdf,centrum,NO,GIC Housing Finance Ltd.,Rs150,Buy
GMO_QtlyLetter_2Q14.pdf,Others,NO,None,NA,NA
GRUH_Profile_June_2014.pdf,Others,NO,None,NA,NA
GS- Titan Industries (TITN.BO) err In line with expectations Higher margins offset lower Tanishq sales [CR].pdf,gs,NO,,298.00,Neutral
GST_-_PROPITIOUS_WINDS_OF_CHANGE-DEC-15-EDEL.pdf,Others,NO,None,NA,NA
GUJGA-20180511-MOSL-RU-PG008 [CR].pdf,MotilalOswal,NO,Gujarat Gas Ltd.,INR1122,
Global Economic Outlook 2014_Dec 2013.pdf,Others,NO,None,NA,NA
Global Logistics.pdf,Others,NO,None,NA,NA
GlobalDirectory.pdf,Others,NO,None,NA,NA
Godrej Consumer products [CR].pdf,MotilalOswal,NO,Godrej Consumer Products Ltd.,,Buy
Goodyear+India+-+Stock+Note [CR].pdf,hdfcsec,NO,Goodyear India Ltd.,402.,Hold
Granules_-_2QFY18_-_HDFC_sec [CR].pdf,hdfcsec,NO,Granules India Ltd.,170,BUY
Greed and Fear - Shifting consensus.pdf,Others,NO,None,NA,NA
GujaratAmbujaExportsLtd (2).pdf,Others,NO,None,NA,NA
Gujarat_Fluorochemicals_Ltd_100315.pdf,Others,NO,None,NA,NA
H016615261.pdf,Others,NO,None,NA,NA
HDFC 1QFY16 Outlook [CR].pdf,sparkcapital,NO,Housing Development Finance Corporation Ltd.,1172,SELL
HDFC Sec-eRr Reports-D B Corp-Buy-Add on Dips to band-Target 460-500-Time Horizon-1 Year [CR].pdf,hdfcsec,NO,DB Corp Ltd.,460,Add
HDFC Sec_Banks & NBFC Sector_Q1FY17 Preview_08072016.pdf,Others,NO,None,NA,NA
HDFC Securities 16-May-16 [CR].pdf,hdfcsec,NO,,Rs.129,Buy
HDFC sec- Cyient (4QFY17)-errclub- Good show  priced in. Maintain NEUTRAL [CR].pdf,hdfcsec,NO,Cyient Ltd.,540,NEUTRAL
HDFC sec- Suzlon Energy (1QFY18)- A shock  though a positive one. Maintain BUY [CR].pdf,hdfcsec,NO,Suzlon Energy Ltd.,25,BUY
HDFC+Warrants.pdf,Others,NO,None,NA,NA
HDFC-TTK PRESTIGE-CLSA.pdf,Others,NO,None,NA,NA
HDFCB-RR-260417 [CR].pdf,idbicapital,NO,HDFC Bank Ltd.,Rs1648,ACCUMULATE
HDFC_20180109_0000 [CR].pdf,morganstanley,NO,Housing Development Finance Corporation Ltd.,Rs2030.00,
HDFC_Life_Annual_Report_10-11.pdf,Others,NO,None,NA,NA
HFC-23_Policy-Briefing1.pdf,Others,NO,None,NA,NA
HIL Ltd - IC - BP Equitiesb.pdf,Others,NO,None,NA,NA
HINDALCO_INDUSTRIES_-_COMPANY_UPDATE-JUN-16-EDEL [CR].pdf,edelweissfin,NO,Hindalco Industries Ltd.,120,HOLD
HSBC- Havells India Limited (HAVL IN) -eRrgrp-  Initiate at OW Lighting up the way [CR].pdf,hsbc,NO,Berger Paints India Ltd.;Havells India Ltd.;Symphony Ltd.;Bajaj Electricals Ltd.;Asian Paints Ltd.;Voltas Ltd.,333.00,
HSBC- India Fertilizer - Takeaways from our meeting with key fertilizer participants.pdf,Others,NO,None,NA,NA
Havells India Q1FY13 Result Update [CR].pdf,emkayglobal,NO,Havells India Ltd.,Rs600,Buy
Havells India Q1FY14 Result Update [CR].pdf,emkayglobal,NO,,750.,Buy
Havells Unaudited Financial Results Q3FY14.pdf,Others,NO,None,NA,NA
Hester_8 Page Notice.pdf,Others,NO,None,NA,NA
Hotline 93.pdf,Others,NO,None,NA,NA
House of debt.pdf,Others,NO,None,NA,NA
How To Make Prudent Investments For Your Organization.pdf,Others,NO,None,NA,NA
Hudgins.pdf,Others,NO,None,NA,NA
IBA_PF_presentation_270407.pdf,Others,NO,None,NA,NA
IBU_May03.pdf,Others,NO,None,NA,NA
ICICI Direct- Company Update – Bharat Electronics (Buy) errclub Reiterate [CR].pdf,icicisecurities,NO,,1560,Buy
ICICI Direct- Result Update - India Cement (Buy) errclub Decline in power & fuel cost drives margins... [CR].pdf,icicisecurities,NO,,105,Buy
ICICI Direct- Talwarkar BetterValue [CR].pdf,icicisecurities,NO,,172,Buy
ICICI Pru Life - BAML [CR].pdf,baml,NO,The Federal Bank Ltd.;Power Finance Corporation Ltd.;Bank Of Baroda;State Bank Of India;Kotak Mahindra Bank Ltd.;Shriram Transport Finance Company Ltd.;Canara Bank;Yes Bank Ltd.;Housing Development Finance Corporation Ltd.;ICICI Bank Ltd.;HDFC Bank Ltd.;Union Bank Of India;LIC Housing Finance Ltd.;Axis Bank Ltd.;PNB Housing Finance Ltd.;Indiabulls Housing Finance Ltd.;IndusInd Bank Ltd.;ICICI Prudential Life Insurance Company Ltd.;Mahindra & Mahindra Financial Services Ltd.,400.00,BUY
ICICI Prudential Life Insurance (ICIR.NS)- Correction- 10 Focus Charts – MS [CR].pdf,morganstanley,NO,ICICI Prudential Life Insurance Company Ltd.,Rs540.00,
ICICI UBS [CR].pdf,ubs,NO,,Rs260.00,Neutral
ICIL_Q2FY16_Investor_Update_Presentation.pdf,Others,NO,None,NA,NA
ICNT-20151028-MOSL-RU-PG012 [CR].pdf,MotilalOswal,NO,Indo Count Industries Ltd.,INR1300,Buy
ICNT-20170214-MOSL-RU-PG010 [CR].pdf,MotilalOswal,NO,Indo Count Industries Ltd.,INR205,Buy
ICRA Sector Updates - Indian Tractor Industry  Aug 2012.pdf,Others,NO,None,NA,NA
ICRA nov 2013 [CR].pdf,edelweissfin,NO,ICRA Ltd.,1442,BUY
IDEA-20170213-MOSL-RU-PG012 [CR].pdf,motilaloswal,NO,Vodafone Idea Ltd.,NA,
IDFC Securities- Sector update- Indian Financials - An On-ground Guide to Financial inclusion.pdf,Others,NO,None,NA,NA
IDFC_-_COMPANY_UPDATE-SEP-14-EDEL [CR].pdf,edelweissfin,NO,IDFC Ltd.,181,Buy
IDR_ONMB_050812_10112 [CR].pdf,icicisecurities,NO,,65.3,Buy
IDirect_Concor_Q4FY17 [CR].pdf,icicisecurities,NO,,1370,Buy
IDirect_Greenply_IC [CR].pdf,icicisecurities,NO,,225,Buy
IDirect_InoxLeisure_Q1FY18 [CR].pdf,icicisecurities,NO,,193.0,Buy
IDirect_NHPC_Q4FY17 [CR].pdf,icicisecurities,NO,NHPC Ltd.,6285,Hold
IDirect_VSTTillers_Q1FY18 [CR].pdf,icicisecurities,NO,,2200,Hold
IDirect_eClerx_Q1FY18 [CR].pdf,icicisecurities,NO,,1145,Sell
IFB_Industries_Ltd_080814.pdf,Others,NO,None,NA,NA
IGL [CR].pdf,MotilalOswal,NO,Indraprastha Gas Ltd.,INR384,Buy
IGL-20170811-MOSL-RU-PG008 [CR].pdf,MotilalOswal,NO,Indraprastha Gas Ltd.,INR1152,Neutral
IIB - EDEL pdf [CR].pdf,edelweissfin,NO,Negative,,BUY
IIFL-+Titan-Gold+standard-ADD [CR].pdf,iiflcap,NO,,232,ADD
INDIGO-20171124-MOSL-CU-PG016 [CR].pdf,MotilalOswal,NO,Interglobe Aviation Ltd.,INR1291,Neutral
INFDEVFC_20150909 [CR].pdf,plindia,NO,IDFC Ltd.,Rs160,
INFO-20141205-MOSL-CU-PG010 [CR].pdf,MotilalOswal,NO,Infosys Ltd.,INR2500,Buy
INFOE-20141119-MOSL-CU-PG006 [CR].pdf,MotilalOswal,NO,Info Edge (India) Ltd.,INR1130,Buy
INFOSYS - ANTIQUE [CR].pdf,antiquelimited,NO,Infosys Ltd.,915,HOLD
INL-SI-120716.pdf,Others,NO,None,NA,NA
INXW-20170203-MOSL-RU-PG008 [CR].pdf,MotilalOswal,NO,Inox Wind Ltd.,INR175,Neutral
IN_en.pdf,Others,NO,None,NA,NA
IT-20150309-MOSL-WOW-PG006.pdf,Others,NO,None,NA,NA
ITC JMFIN [CR].pdf,jmfl,NO,ITC Ltd.,340,Buy
ITC-20170127-MOSL-RU-PG010 [CR].pdf,MotilalOswal,NO,ITC Ltd.,INR295,Buy
ITDC_detail.pdf,Others,NO,None,NA,NA
IWEO_2011_lowres.pdf,Others,NO,None,NA,NA
IWL- Consolidated -Published Results Format-30062014.pdf,Others,NO,None,NA,NA
IceCap Asset Management Limited Global Markets November 2011.pdf,Others,NO,None,NA,NA
IceCapAssetManagementLimitedGlobalMarketsJuly2010.pdf,Others,NO,None,NA,NA
India Asset Management - Monthly Update - JM Financial [CR].pdf,jmfl,NO,Rohini Strips Ltd.,,BUY
India Banks Undoing Financial Repression Structural Reset of Economics 3-Sep'14.pdf,Others,NO,None,NA,NA
India Steel UBS.pdf,Others,NO,None,NA,NA
India Strategy - Non-linear winners.pdf,Others,NO,None,NA,NA
India's economy_ How India got its funk _ The Economist.pdf,Others,NO,None,NA,NA
India+Banks+-+Discom+Restructuring+140312.pdf,Others,NO,None,NA,NA
India+Infrastructure+Insights.pdf,Others,NO,None,NA,NA
India+Strategy-+The+Gold+Attack+-+Is+it+Strong+Enough.pdf,Others,NO,None,NA,NA
India+consumer+sector+Nov+12.pdf,Others,NO,None,NA,NA
India-Maize-2014_v2.pdf,Others,NO,None,NA,NA
IndiaMorningBrief_13June2018.pdf,Others,NO,None,NA,NA
India_Opportunities_Real_Estate_Fund_March12.pdf,Others,NO,None,NA,NA
India_Strategy_Rural_Safari_April18.pdf,Others,NO,None,NA,NA
Indian Road Sector_ASBL & ITNL Initiation_Sept 1 2014.pdf,Others,NO,None,NA,NA
Indo Count Industries Ltd [CR].pdf,edelweissfin,NO,,542,
Indo-Count-CD [CR].pdf,cdequi,NO,Indo Count Industries Ltd.,1365,
Indsec- The Byke Hospitality Ltd -errclub- Q3FY17-Conference and Result Update [CR].pdf,indsec,NO,The Byke Hospitality Ltd.,221,BUY
IndusInd Bank-Prabhudas Lilladher Q3FY17 Update [CR].pdf,plindia,NO,IndusInd Bank Ltd.,Rs1352,BUY
IndusInd BankQ3FY14 RU [CR].pdf,uljk,NO,IndusInd Bank Ltd.,520,BUY
IndusInd_Bank_-_4QFY18_-_HDFC_sec [CR].pdf,hdfcsec,NO,IndusInd Bank Ltd.,1966,BUY
Industry-Map-of-the-Precious-Metals-Sector.pdf,Others,NO,None,NA,NA
Info_Edge_Q4FY17 [CR].pdf,icicisecurities,NO,Info Edge (India) Ltd.,Rs960,ADD
Investor Aug-14.pdf,Others,NO,None,NA,NA
IoT_IBSG_0411FINAL.pdf,Others,NO,None,NA,NA
JM Financial - PI Industries Ltd. - Order Book Growth Continues [CR].pdf,jmfl,NO,PI Industries Ltd.,`700,HOLD
JM Financial- NTPC - 1Q18 Core RoE at 19%; High commercialisation cycle begins [CR].pdf,jmfl,NO,NTPC Ltd.,210,BUY
JMFL– Sun TV Network -errclub- Business becoming more Tamil-centric  stock remains undervalued [CR].pdf,jmfl,NO,Sun TV Network Ltd.,450,Buy
JMFL– TCI EXPRESS -errclub- An Express Delivery Company [CR].pdf,jmfl,NO,TCI Express Ltd.,NA,
JMN%20Credit%20analyst.pdf,Others,NO,None,NA,NA
JP+Morgan-+Phoenix+Mills+-+Annuity+income+could+grow+4 [CR].pdf,jpmorgan,NO,Phoenix Mills Ltd.,Rs260.00,
JPM_022014_14225 [CR].pdf,jpmorgan,NO,Bharat Heavy Electricals Ltd.;ABB India Ltd.;Siemens Ltd.,,Neutral
JSW Steel Q4FY17 - Result Update - Axis Direct - 25052017_25-05-2017_11 [CR].pdf,axissecurities,NO,,263,BUY
JSW-20170123-MOSL-RU-PG006 [CR].pdf,MotilalOswal,NO,JSW Energy Ltd.,INR83,Buy
JUST_1QFY17 result review [CR].pdf,sparkcapital,NO,Just Dial Ltd.,Rs.420,SELL
JagranPrakashan151216xe261629 [CR].pdf,macquarie,NO,Jagran Prakashan Ltd.,200.00,Outperform
Jain_Irrigation_Systems_Ltd_1203121.pdf,Others,NO,None,NA,NA
Jubiliant+Foodworks [CR].pdf,clsa,NO,Jubilant FoodWorks Ltd.,Rs750.00,OUTPERFORM
June 2012 Presentation.pdf,Others,NO,None,NA,NA
JustDial-IPO - trust.pdf,Others,NO,None,NA,NA
Jyothy Most.pdf,Others,NO,None,NA,NA
KKC-20160805-MOSL-RU-PG010 [CR].pdf,motilaloswal,NO,Cummins India Ltd.,INR865,Neutral
KMB-20141121-MOSL-CU-PG014 [CR].pdf,MotilalOswal,NO,Kotak Mahindra Bank Ltd.,INR1149,Neutral
KNR Constructions Ltd Q1FY17 Result Update_BUY [CR].pdf,edelweissfin,NO,Inditalia Refcon Ltd.,755,BUY
KPIT-20170427-MOSL-RU-PG012 [CR].pdf,MotilalOswal,NO,Birlasoft Ltd.,INR150,Neutral
KPMG Flash News - New Companies Act  2013 - Insight Series.pdf,Others,NO,None,NA,NA
KPMG-Flash-News-JSW-Energy-Limite.pdf,Others,NO,None,NA,NA
KULKARNI.pdf,Others,NO,None,NA,NA
Keeping%20Condensers%20Clean%20POWER%200406.pdf,Others,NO,None,NA,NA
Kewal Kiran Analsyt Ppt Q4  FY2011.pdf,Others,NO,None,NA,NA
Kirloskar Oil Engines_IC_5 May 2016 [CR].pdf,rathi,NO,Kirloskar Oil Engines Ltd.,`309,Buy
Kotak India-19June 2018_India_Daily.pdf,Others,NO,None,NA,NA
Kotak Strategy_Foreign fund-flow tracker January 06 2016.pdf,Others,NO,None,NA,NA
Kotak UBS 270417 [CR].pdf,ubs,NO,Kotak Mahindra Bank Ltd.,Rs1050.00,Buy
Kotak_15Jan16_Consumer_Querimetrix.pdf,Others,NO,None,NA,NA
Kwality_Q2 & H1 FY18 Results Table.pdf,Others,NO,None,NA,NA
LAURUS-20180511-MOSL-RU-PG008 [CR].pdf,MotilalOswal,NO,Laurus Labs Ltd.,613,Buy
LICHF_310314 [CR].pdf,indiainfoline,NO,LIC Housing Finance Ltd.,(9‐12,
LIC_Housing_Finance_-_4QFY18_-_HDFC_Sec [CR].pdf,hdfcsec,NO,LIC Housing Finance Ltd.,636,BUY
LT-28-7-17-PL [CR].pdf,plindia,NO,Larsen & Toubro Ltd.,Rs1328,BUY
La Opala 2011.pdf,Others,NO,None,NA,NA
Liberty Shoes Q3FY14 Result Update [CR].pdf,hdfcsec,NO,,156,Buy
Lokusdesign Credentials 200115.pdf,Others,NO,None,NA,NA
Lovable Annual Report 2013.pdf,Others,NO,None,NA,NA
Lupin UBS 100816 [CR].pdf,ubs,NO,Lupin Ltd.,Rs2325.00,Buy
MACA-20150212-MOSL-SLU-PG010 [CR].pdf,MotilalOswal,NO,Mahindra CIE Automotive Ltd.,10,
MAGMBFeb11 [CR].pdf,enam,NO,Magma Fincorp Ltd.,86,BUY
MANDHANA INDUSTRIES LIMITED-06-10-2016.pdf,Others,NO,None,NA,NA
MCX_Edel [CR].pdf,edelweissfin,NO,Multi Commodity Exchange Of India Ltd.,975,HOLD
MEDIA_-_Q1FY16_RESULT_PREVIEW-JUL-15-EDEL.pdf,Others,NO,None,NA,NA
MEDIA_-_SECTOR_UPDATE-FEB-16-EDEL.pdf,Others,NO,None,NA,NA
MEGH-CR-280416 - Final [CR].pdf,idbicapital,NO,Meghmani Organics Ltd.,Rs46,BUY
MIConferenceBrochure.pdf,Others,NO,None,NA,NA
Macquarie- Fortis Healthcare (Outperform) - SRL demerged – to unlock value [CR].pdf,macquarie,NO,Fortis Healthcare Ltd.,250.00,Outperform
Mahindra and Mahindra Financial Services-result update-Jul-13-EDEL [CR].pdf,edelweissfin,NO,Mahindra & Mahindra Financial Services Ltd.,300,BUY
Maize and Sugarcane GM crops and markets in Selected African Countries_2014.pdf,Others,NO,None,NA,NA
Majesco_-_2QFY18_-_HDFC_sec [CR].pdf,hdfcsec,NO,Majesco Ltd.,680,BUY
Manappuram General Finance  - Conference Call Transcript 21st-Jan-10-EDEL.pdf,Others,NO,None,NA,NA
MaricoKayaEnt [CR].pdf,motilaloswal,NO,Inditalia Refcon Ltd.,,Buy
McKinsey- Digitizing oil and gas production.pdf,Others,NO,None,NA,NA
Media_Report_18Sept2017.pdf,Others,NO,None,NA,NA
Memorandum_Articles.pdf,Others,NO,None,NA,NA
Mergers_and_Acquisitions_Basics_-_The_Key_Steps_of_Acquisitions _Divestitures _and_Investments.pdf,Others,NO,None,NA,NA
Millennials to Anchor India's Growth Story.pdf,Others,NO,None,NA,NA
MindTree_Update_Jun17 [CR].pdf,icicisecurities,NO,Mindtree Ltd.,Rs550,BUY
NBFC _ CS.pdf,Others,NO,None,NA,NA
Pocket-Guide-for-Digital-Payments.pdf,Others,NO,None,NA,NA
Satellic.pdf,Others,NO,None,NA,NA
ShowNews [CR].pdf,rathi,NO,Lovable Lingerie Ltd.,`498,Buy
Space.pdf,Others,NO,None,NA,NA
Summary.pdf,Others,NO,None,NA,NA
TEL-20180108-MOSL-SU-PG006.pdf,Others,NO,None,NA,NA
TELX-20170127-MOSL-RU-PG010 [CR].pdf,MotilalOswal,NO,Tata Elxsi Ltd.,INR1780,Buy
TEST FOR ECHO EDITEDV2.pdf,Others,NO,None,NA,NA
TI Annual Report 08-09.pdf,Others,NO,None,NA,NA
TIL_Annual_Report2012-13.pdf,Others,NO,None,NA,NA
TITAN - Inside India's Most Successful Consumer Brand [CR].pdf,sparkcapital,NO,Titan Company Ltd.,,
TIl Q1 2015 reults.pdf,Others,NO,None,NA,NA
TMKN 2QFY18 Outlook Review [CR].pdf,sparkcapital,NO,Timken India Ltd.,860,ADD
TMX-20170809-MOSL-RU-PG012 [CR].pdf,MotilalOswal,NO,Thermax Ltd.,INR830,Neutral
TTKPHARM_20120116 [CR].pdf,firstcallindia,NO,TTK Healthcare Ltd.,463.00,
TTKPT-RR-170113 [CR].pdf,idbicapital,NO,TTK Prestige Ltd.,Rs3019,REDUCE
TTMT-20141016-MOSL-PG004.pdf,Others,NO,None,NA,NA
TTMT-20181009-MOSL-CU-PG006 [CR].pdf,MotilalOswal,NO,Tata Motors Ltd.,INR335,Buy
TTMYGH_02_Dec_2013.pdf,Others,NO,None,NA,NA
TVSL-20170427-MOSL-RU-PG014 [CR].pdf,MotilalOswal,NO,TVS Motor Company Ltd.,INR581,Buy
Table-1.pdf,Others,NO,None,NA,NA
Telecom_Vodafone_Idea_merger_Jan17.pdf,Others,NO,None,NA,NA
Textile Axis report.pdf,Others,NO,None,NA,NA
The End of Fair Trade Brochure FINAL.pdf,Others,NO,None,NA,NA
The Federal Bank Ltd. Insights - Earnings recover  valuation comfortable [CR].pdf,ambit,NO,The Federal Bank Ltd.,`101,
The Front Page 20190325.pdf,Others,NO,None,NA,NA
The Option Trader Handbook - Strategies And Trade Adjustments.pdf,Others,NO,None,NA,NA
The Paper Products Ltd - 3QCY12 - Result Update - 021112 [CR].pdf,adityabirla,NO,Huhtamaki PPL Ltd.,,BUY
The benefits of being a real fraudster - FT.pdf,Others,NO,None,NA,NA
Thejo_RHP_Final.pdf,Others,NO,None,NA,NA
ThinkSoft-Corporate-Presentation-Mar-12.pdf,Others,NO,None,NA,NA
Thomas Cook (I).pdf,Others,NO,None,NA,NA
Thyrocare_Initiation_25April2017 [CR].pdf,jmfl,NO,Thyrocare Technologies Ltd.,880.,BUY
Time+Technoplast+Ltd_IER_QuarterlyUpdate.pdf,Others,NO,None,NA,NA
Timken India Company Update [CR].pdf,sparkcapital,NO,Timken India Ltd.,Rs.660,BUY
Titan - SELL - CLSA [CR].pdf,clsa,NO,Titan Company Ltd.,Rs720.00,SELL
Torrent_Pharma_-_3QFY17-_HDFC_sec [CR].pdf,hdfcsec,NO,Torrent Pharmaceuticals Ltd.,1730,
Tourism Finance Corp - Stock Note - 120118 [CR].pdf,hdfcsec,NO,Tourism Finance Corporation Of India Ltd.,195.5,Add
Transcript of the Q1 2018-19 Earnings Conference Call held at 19 00 hrs IST on July 10  2018 (1).pdf,Others,NO,None,NA,NA
Tree_House_Education_BIRI_IPO_Report.pdf,Others,NO,None,NA,NA
Trisara-Signature-Villa_FromADMIN1.pdf,Others,NO,None,NA,NA
UBS strategt 2016.pdf,Others,NO,None,NA,NA
UPL (1QFY19) - HDFC sec [CR].pdf,hdfcsec,NO,UPL Ltd.,700,Buy
UPL - 1QFY19 RU - JM Financial [CR].pdf,jmfl,NO,UPL Ltd.,935,BUY
UPL 1QFY19 result update - 180731 [CR].pdf,antiquelimited,NO,UPL Ltd.,INR750,BUY
UPLL-20181026-MOSL-RU-PG012 [CR].pdf,MotilalOswal,NO,UPL Ltd.,INR749,Buy
US Generic - Mar14 .pdf,Others,NO,None,NA,NA
UTCEM-20180425-MOSL-RU-PG008 [CR].pdf,motilaloswal,NO,Ultratech Cement Ltd.,INR4818,Buy
UTILITY-DISCOM-20150313-MOSL-ROH-PG014.pdf,Others,NO,None,NA,NA
Ultratech Cement Ltd (ULTC.NS)- Binani Cement Assets- MS [CR].pdf,morganstanley,NO,Ultratech Cement Ltd.,Rs4892,
Ultratech Cement Ltd - Geojit BNP Paribas [CR].pdf,geojit,NO,,4464,HOLD
Union Bank of India - 1QFY18 Earnings Report - Aug 17 [CR].pdf,sageoneinvestments,NO,Rohini Strips Ltd.,115,Underperformer
United Breweries Q4FY18 Result Update - Emkay [CR].pdf,emkayglobal,NO,United Breweries Ltd.,Rs1350.,ACCUMULATE
Untitled attachment 00160.pdf,Others,NO,None,NA,NA
V-Guard Transcript Jan'14.pdf,Others,NO,None,NA,NA
V-guard 1QFY17 Review [CR].pdf,sparkcapital,NO,V-Guard Industries Ltd.,1824.,Buy
VCPEFall2005syllabus.pdf,Others,NO,None,NA,NA
VIP 1QFY17 [CR].pdf,sparkcapital,NO,VIP Industries Ltd.,Rs.147,
VOLT 1QFY17 Review [CR].pdf,sparkcapital,NO,Voltas Ltd.,392,Buy
VP Chemical Presentation.pdf,Others,NO,None,NA,NA
VRL Logistics 2QFY19 result update - 181105 [CR].pdf,antiquelimited,NO,VRL Logistics Ltd.,1200,HOLD
Va Tech Wabag - 3QFY18 Result Update- PL India [CR].pdf,plindia,NO,VA Tech Wabag Ltd.,6046,Reduce
Va Tech Wabag India Ltd Q2FY16 Result Update [CR].pdf,edelweissfin,NO,,,
Vaibhav Global - Investor & Analyst meet presentation.pdf,Others,NO,None,NA,NA
Vaibhav Global Ltd - Investor & Analyst Meet Invite - 26 June 2014.pdf,Others,NO,None,NA,NA
Varun Beverages- JM Financial [CR].pdf,jmfl,NO,Varun Beverages Ltd.,INR710,BUY
Vinyl India 2018  - Brochure_19 March 2018.pdf,Others,NO,None,NA,NA
Vodafone Idea (VODA.BO) - 2QFY19 results - Citi [CR].pdf,citi,NO,,Rs83.00,
WHIRL-20171127-MOSL-CU-PG006 [CR].pdf,MotilalOswal,NO,Whirlpool Of India Ltd.,,
WHat+i+learned+-+Ridham+I+-+180612+-+Morgan.pdf,Others,NO,None,NA,NA
Wabco India 2QFY18 Outlook Review [CR].pdf,sparkcapital,NO,Wabco India Ltd.,6750,REDUCE
Waiver loan_19Dec'18.pdf,Others,NO,None,NA,NA
Westlife Development - Q3FY18 Result Update- JMFL [CR].pdf,jmfl,NO,Westlife Development Ltd.,315,BUY
Wipro - 1QFY19 RU - MOSt [CR].pdf,MotilalOswal,NO,Wipro Ltd.,INR300,Neutral
[CR] 160125_Huchems_Final (2).pdf,TONGYANG Securities Hong Kong Limited,NO,Diana Tea Company Ltd.,W25000,BUY
[CR] 2014-02-05 SUPE.BO (Anand Rathi S) Suprajit Engineering - Growth despite slowdown in the home OEM market%3B Buy.65684159 (2).pdf,rathi,NO,Suprajit Engineering Ltd.,`58,Buy
[CR] 20141013_IndusInd-Bank-Limited_204_QuarterUpdate.pdf,MotilalOswal,NO,IndusInd Bank Ltd.,INR685,Buy
[CR] 20141016_Kitex-Garments-Limited_204_QuarterUpdate (2).pdf,MotilalOswal,NO,Kitex Garments Ltd.,INR650,Buy
[CR] 20141020_Kewal-Kiran-Clothing-Ltd_IER_FirstCut_INE401H01017.pdf,crisil,NO,Kewal Kiran Clothing Ltd.,,
[CR] 2015-08-07_1438962126.pdf,ilfsindia,NO,Bharat Heavy Electricals Ltd.,193,Sell
[CR] AGLL-20170523-MOSL-RU-PG010.pdf,motilaloswal,NO,Allcargo Logistics Ltd.,INR228,Buy
[CR] AGROTECH+-+PC.pdf,phillipcapital,NO,Agro Tech Foods Ltd.,620,BUY
[CR] ALPM-20160729-MOSL-RU-PG010.pdf,MotilalOswal,NO,Alembic Pharmaceuticals Ltd.,INR640,Neutral
[CR] AMRJ-20170123-MOSL-RU-PG010.pdf,MotilalOswal,NO,Amara Raja Batteries Ltd.,INR1087,Buy
[CR] APM_Industries-Buy_Report-220113.pdf,sunidhi,NO,APM Industries Ltd.,28.0,
[CR] APNT-20160727-MOSL-RU-PG008.pdf,MotilalOswal,NO,Asian Paints Ltd.,INR970,Neutral
[CR] ARVND-20150806-MOSL-RU-PG014.pdf,MotilalOswal,NO,Arvind Ltd.,INR340,Buy
[CR] AXSB-20171113-MOSL-CU-PG008.pdf,MotilalOswal,NO,Axis Bank Ltd.,INR680,Buy
[CR] Adani_Power_Q1FY18_results.pdf,icicisecurities,NO,Adani Power Ltd.,Rs19,SELL
[CR] Akzo Nobel-Value Pick.pdf,rathi,NO,Akzo Nobel India Ltd.,1172,BUY
[CR] Ambit - Bajaj Finance (SELL) errclub Steep valuations and rising risks.pdf,ambitcapital,NO,Bajaj Finance Ltd.,3239,SELL
[CR] Ambit_Petronet LNG_Company Insight_Whats the plan for cash_20Nov2017.pdf,ambit,NO,Petronet LNG Ltd.,`300,
[CR] Ashok_Leyland_-_2QFY18_-_HDFC_sec.pdf,hdfcsec,NO,Ashok Leyland Ltd.,141,BUY
[CR] Astral Poly.pdf,antiquelimited,NO,Astral Poly Technik Ltd.,NA,
[CR] Atul-Tgt714.pdf,Stock Brokers Ltd,NO,,,Buy
[CR] Axis Bank 2QFY19 result update - 181103 - Antique Research.pdf,antiquelimited,NO,Axis Bank Ltd.,INR680,BUY
[CR] Axis Direct- AIA Engineering - Mining volumes pick u.pdf,axissecurities,NO,,1170,
[CR] Axis Direct- Aurobindo - In-line EBITDA; US growth visibility remains.pdf,axissecurities,NO,Aurobindo Pharma Ltd.,940,BUY
[CR] BATINDIA_20130729.pdf,nomura,NO,Hindustan Unilever Ltd.;Glaxosmithkline Consumer Healthcare Ltd.;Titan Company Ltd.;Jubilant FoodWorks Ltd.;United Spirits Ltd.;Marico Ltd.;Godrej Consumer Products Ltd.;ITC Ltd.;Bata India Ltd.;Dabur India Ltd.;Colgate-Palmolive (India) Ltd.;Emami Ltd.;Asian Paints Ltd.;Nestle India Ltd.,1090,Buy
[CR] BESI_MAX_IN_20150128.pdf,espiritosantoib,NO,Indo Borax & Chemicals Ltd.,Rs500.00,BUY
[CR] BHE-8-8-16-PL.pdf,plindia,NO,Bharat Electronics Ltd.,Rs1454,
[CR] Bajaj Corp 4QFY18 Outlook Review.pdf,sparkcapital,NO,,586,BUY
[CR] Bajaj Finance Ltd - 1QFY19 RU - Quantum Sec (2).pdf,qsmail,NO,Bajaj Finance Ltd.,2128,Hold
[CR] Balkrishna Industries. - Revenue recovery and cost advantage make a good combination.pdf,credit-suisse,NO,Balkrishna Industries Ltd.,450.00,OUTPERFORM
[CR] Bharat+Electronics+-+Visit+Update+-+Sep+13.pdf,oceandial,NO,Bharat Electronics Ltd.,1490,BUY
[CR] Cadila_Q2FY17_Result.pdf,icicisecurities,NO,Cadila Healthcare Ltd.,Rs424,ADD
[CR] [Kotak] GlaxoSmithKline Consumer  February 9  2016.pdf,kotak,NO,Glaxosmithkline Consumer Healthcare Ltd.,6500,ADD
[CR] [Kotak] Godrej Properties  January 29  2019.pdf,kotak,NO,Godrej Properties Ltd.,400,Neutral
[CR] [Kotak] HCL Technologies  October 23  2018.pdf,kotak,NO,HCL Technologies Ltd.,1100,ADD
[CR] [Kotak] Havells India (Rs260 ADD)-eRrgrp- Sylvania disappoints.pdf,kotak,NO,Havells India Ltd.,300,ADD
[CR] [Kotak] Karur Vysya Bank  July 25  2018.pdf,kotak,NO,Karur Vysya Bank Ltd.,110,ADD
[CR] [Kotak] Marico  May 3  2018.pdf,kotak,NO,Marico Ltd.,345,ADD
[CR] [Kotak] Nestle India  October 26  2018.pdf,kotak,NO,Nestle India Ltd.,10600,ADD
[CR] ar_jyothy.pdf,rathi,NO,Jyothy Laboratories Ltd.,`210,Buy
[Oth] 07102014115602MMDR Act 1957_10052012 (2).pdf,Others,NO,None,NA,NA
[Oth] 0810ifrsrealestate.pdf,Others,NO,None,NA,NA
[Oth] 10_chapter 5.pdf,Others,NO,None,NA,NA
[Oth] 1345798948346-a (2).pdf,Others,NO,None,NA,NA
[Oth] 1FinancialsStatement_RFacility_FY2015-16.pdf,Others,NO,None,NA,NA
[Oth] 2003_Issue1.pdf,Others,NO,None,NA,NA
[Oth] 2007.10.02 NHR COA merger investor presentation.pdf,Others,NO,None,NA,NA
[Oth] 2008_03_IR_Book_en (2).pdf,Others,NO,None,NA,NA
[Oth] 2010_analyst_meet_presentation.pdf,Others,NO,None,NA,NA
[Oth] 2012_india.pdf,Others,NO,None,NA,NA
[Oth] 201390164-Prannoy-Roy-s-email-to-Gurumurthy-regarding-Chidambaram-NDTV-s-Rs-5000-crores-money-laundering-scam.pdf,Others,NO,None,NA,NA
[Oth] 3TUHR8XDFPGYI62CJ5MQK14LSW7EBO.pdf,Others,NO,None,NA,NA
[Oth] 5328910312.pdf,Others,NO,None,NA,NA
[Oth] 5April 2018_India_Daily.pdf,Others,NO,None,NA,NA
[Oth] ABD-20150318-MOSL-CF-PG004.pdf,Others,NO,None,NA,NA
[Oth] AF_Animals_Milk_Dairy_Intro.pdf,Others,NO,None,NA,NA
[Oth] AGIC 2014-10TH-POST CONFERENCE-MOSL-PG130.pdf,Others,NO,None,NA,NA
[Oth] AGM 07 to 08.pdf,Others,NO,None,NA,NA
[Oth] ALSTOM India Lt.pdf,Others,NO,None,NA,NA
[Oth] AMP - 131122.pdf,Others,NO,None,NA,NA
[Oth] AMP - 180403.pdf,Others,NO,None,NA,NA
[Oth] AMP - 180416.pdf,Others,NO,None,NA,NA
[Oth] AMP - 180502.pdf,Others,NO,None,NA,NA
[Oth] AMP - 210316.pdf,Others,NO,None,NA,NA
[Oth] AMSC_News_2015_12_17_Financial.pdf,Others,NO,None,NA,NA
[Oth] ANewParadigmforManagingforShareholderValue.pdf,Others,NO,None,NA,NA
[Oth] Aarti concall transcript dec 2016.pdf,Others,NO,None,NA,NA
[Oth] Advancing-Financial-Inclusion-in-India.pdf,Others,NO,None,NA,NA
[Oth] Affordable_Housing_in_India_2012.pdf,Others,NO,None,NA,NA
[Oth] Against the Tide.pdf,Others,NO,None,NA,NA
[Oth] Alchemy_Class_J_September2012.pdf,Others,NO,None,NA,NA
[Oth] Alcoholic_Beverages_Jun162.pdf,Others,NO,None,NA,NA
[Oth] Ambit India Access_Little Giants Day_18Dec2017.pdf,Others,NO,None,NA,NA
[Oth] Ambit India Access_Pre-Budget Conference Call with Dinesh Kanabar_25Jan2018.pdf,Others,NO,None,NA,NA
[Oth] Ambit India Access_Pre-Budget conference call with Ashok Wadhwa_03Jul2014.pdf,Others,NO,None,NA,NA
[Oth] Ambit- Thematic- Strategy - Banking sector report car.pdf,Others,NO,None,NA,NA
[Oth] Ambit.pdf,Others,NO,None,NA,NA
[Oth] AmbitCap-Hathway-Nov19-2013.pdf,Others,NO,None,NA,NA
[Oth] AmbitInsights_08Aug2016.pdf,Others,NO,None,NA,NA
[Oth] Ambit_Alpha This Week_04Dec2017.pdf,Others,NO,None,NA,NA
[Oth] Ambit_Ten Interesting Things_Weeklies_25Jan2018.pdf,Others,NO,None,NA,NA
[Oth] Ambit_Ten Interesting Things_Weeklies_28Mar2018.pdf,Others,NO,None,NA,NA
[Oth] Ambit_Walk in the woods_Fortnightly_What we are hearing_18July2018.pdf,Others,NO,None,NA,NA
[Oth] AnchorErngGrwth_25112015.pdf,Others,NO,None,NA,NA
[Oth] Andrew Yule AR 2015 Annotate.pdf,Others,NO,None,NA,NA
[Oth] Angel Broking - Ujjivan Financial Services Ltd. - IPO Note (SUBSCRIBE).pdf,Others,NO,None,NA,NA
[Oth] Annual-Report2017-18.pdf,Others,NO,None,NA,NA
[Oth] Antique Broking- Management Meet Update India Banking -errclub TransUnion CIBIL - Retail underwriting remain strong.pdf,Others,NO,None,NA,NA
[Oth] [Kotak] Consumer Products (Cautious) Month in review - July 2017- GST-led price cuts underway.pdf,Others,NO,None,NA,NA
[Oth] [Kotak] Infrastructure  September 1  2016.pdf,Others,NO,None,NA,NA
[Oth] [Kotak] Technology  November 21  2017.pdf,Others,NO,None,NA,NA
[Oth] [Kotak] Telecommunication Services  December 18  2018.pdf,Others,NO,None,NA,NA
[Oth] analysts_meet May_2_2014.pdf,Others,NO,None,NA,NA
[Oth] annual_report2013.pdf,Others,NO,None,NA,NA
[Oth] annualreport2002webnew.pdf,Others,NO,None,NA,NA
[Sector] Ambit Insights_27Apr2018.pdf,sageoneinvestments,YES,None,NA,NA
[Sector] Ambit Insights_30Nov2017.pdf,sageoneinvestments,YES,None,NA,NA
[Sector] Ambit Results Insights_19Jan2018.pdf,sageoneinvestments,YES,None,NA,NA
[Sector] Ambit Results Insights_22Jan2018.pdf,sageoneinvestments,YES,None,NA,NA
[Sector] Antique Broking- Sector Report  Infrastructure & Construction Sector - On the cusp of recovery.pdf,antiquelimited,YES,None,NA,NA
[Sector] Aviation_sector_IC_June16.pdf,icicisecurities,YES,None,NA,NA
[Sector] Cautious-and-choosy-Quality-to-the-fore.pdf,hdfcsec,YES,None,NA,NA
[Sector] Cement Initiation Report.pdf,quantcapital,YES,None,NA,NA
[Sector] Emkay- Sector Update Automobiles.pdf,emkayglobal,YES,None,NA,NA
[Sector] I-Sec_Mn150517.pdf,icicisecurities,YES,None,NA,NA
[Sector] ICICI-Securities-Housing-Finance-Companies-Firm-Foundation.pdf,icicisecurities,YES,None,NA,NA
[Sector] IDirect_Banking_SectorReport_Mar15.pdf,icicisecurities,YES,None,NA,NA
[Sector] IT services UBS.pdf,ubs,YES,None,NA,NA
[Sector] IncaseyoumisseditNA161216xe261733.pdf,macquarie,YES,None,NA,NA
[Sector] India Cement note UBS Q1 2017.pdf,ubs,YES,None,NA,NA
[Sector] India Steel UBS part 2.pdf,ubs,YES,None,NA,NA
[Sector] Indian Gas Sector - Citi .pdf,citi,YES,None,NA,NA
[Sector] It services 2.pdf,ubs,YES,None,NA,NA
[Sector] JM Financial - Textiles Sector - Cotton Sheet US Market Share Dips In May'16 (Sector Update).pdf,jmfl,YES,None,NA,NA
[Sector] Jefferies- India Banks Group Pricing of Credit 101.pdf,jefferies,YES,None,NA,NA
[Sector] Real_Estate_-_4QFY17_Results_Preview_-_HDFC_sec.pdf,hdfcsec,YES,None,NA,NA
[Sector] Tiles Sectors Thematic Note.pdf,sparkcapital,YES,None,NA,NA
[Sector] Tyre sector update - 170130.pdf,antiquelimited,YES,None,NA,NA
[Sector] UBS Daily - 31 March 2014 (India Consumer- Godrej Consumer- United Spirits- Hindustan Unilever- Titan- ITC).pdf,ubs,YES,None,NA,NA
avanthapower.pdf,Others,NO,None,NA,NA
aviationweek.pdf,Others,NO,None,NA,NA
banking_profitability.pdf,Others,NO,None,NA,NA
banks_db_191011.pdf,Others,NO,None,NA,NA
brent wti crude wxplaine.pdf,Others,NO,None,NA,NA
business_valuation_methods.pdf,Others,NO,None,NA,NA
coal india MOSL 02052017 [CR].pdf,MotilalOswal,NO,Coal India Ltd.,INR335,Buy
coal india kotak may2017 [CR].pdf,kotak,NO,Coal India Ltd.,320,ADD
collateral_management.pdf,Others,NO,None,NA,NA
conf axis nov13.pdf,Others,NO,None,NA,NA
correspondence2_.pdf,Others,NO,None,NA,NA
cummins oct 2014 [CR].pdf,ilfsindia,NO,Cummins India Ltd.,957,BUY
ata_7.pdf,Others,NO,None,NA,NA
ip2.pdf,Others,NO,None,NA,NA
ocument-807204990.pdf,Others,NO,None,NA,NA
28245.pdf,Others,NO,None,NA,NA
s_value_28sep04.pdf,Others,NO,None,NA,NA
economy - india - 261114 - nomura.pdf,Others,NO,None,NA,NA
em_20_anniversary.pdf,Others,NO,None,NA,NA
enam_voltas [CR].pdf,enam,NO,Mid East Portfolio Management Ltd.,74,SELL
eq_HAVELLS_upd9_10Jun2013.pdf,Others,NO,None,NA,NA
expertprint.pdf,Others,NO,None,NA,NA
ederal.pdf,Others,NO,None,NA,NA
ind-information.pdf,Others,NO,None,NA,NA
unding-strategies.pdf,Others,NO,None,NA,NA
g32n06a.pdf,Others,NO,None,NA,NA
http___www.edelresearch.com_rpt_showPdf.aspx_id=20806&reportname=_BRAVEHEART_SERIES-Zee_Entertainment_Enterprises.pdf,Others,NO,None,NA,NA
iEnergy+Theni+Wind+farm+RAC.pdf,Others,NO,None,NA,NA
iSec- VRL Logistics [CR].pdf,icicisecurities,NO,VRL Logistics Ltd.,Rs332,ADD
ice cap asset - shoe view - jan14.pdf,Others,NO,None,NA,NA
iifl - strategy - 2014 outlook - 20140102_08_57_04.pdf,Others,NO,None,NA,NA
indiainfo.pdf,Others,NO,None,NA,NA
infrastructure-publications-case-notes-city-natural-gas-distribution.pdf,Others,NO,None,NA,NA
investment_strategy3.pdf,Others,NO,None,NA,NA
issue-nov_dec0787[1].pdf,Others,NO,None,NA,NA
iuu02n30-3osq-g007-bf29-984be168e003.pdf,Others,NO,None,NA,NA
ivey-executive-program.pdf,Others,NO,None,NA,NA
june_2008_ubs_presentation.pdf,Others,NO,None,NA,NA
just dial - 240913 - centrum [CR].pdf,centrum,NO,Just Dial Ltd.,Rs902,BUY
kotak ecommerce.pdf,Others,NO,None,NA,NA
lbs061812appendixG.pdf,Others,NO,None,NA,NA
macroperspective.pdf,Others,NO,None,NA,NA
make-consolidated-january19-2013-to-march31-2014.pdf,Others,NO,None,NA,NA
mayur2 [CR].pdf,firstcallindia,NO,Mayur Uniquoters Ltd.,469.00,
mcx_123 [CR].pdf,sparkcapital,NO,,760,
measuringmedia.pdf,Others,NO,None,NA,NA
mss2.pdf,Others,NO,None,NA,NA
mt2.6p7.pdf,Others,NO,None,NA,NA
nestle.pdf,Others,NO,None,NA,NA
etronet [CR].pdf,hdfcsec,NO,Petronet LNG Ltd.,435,BUY
n5_2005.pdf,Others,NO,None,NA,NA
r101028a.pdf,Others,NO,None,NA,NA
sunhdfc [CR].pdf,hdfcsec,NO,Sun Pharmaceutical Industries Ltd.,536,NEUTRAL
table-2.pdf,Others,NO,None,NA,NA
the economic times - gfl - wind turbines - amdavad - 27102007.pdf,Others,NO,None,NA,NA
theindiandefensemarket-istherespacefornorthamericancompanies-110202185211-phpapp02.pdf,Others,NO,None,NA,NA
time-rhpfinal.pdf,Others,NO,None,NA,NA
tubeinstallation_tools.pdf,Others,NO,None,NA,NA
urban_realestate.pdf,Others,NO,None,NA,NA
vedcmd_q_a_transcript.pdf,Others,NO,None,NA,NA
vhf-interim-guidance.pdf,Others,NO,None,NA,NA
visitor_brou.pdf,Others,NO,None,NA,NA
winter20071.pdf,Others,NO,None,NA,NA
